{
	"credit": "Made by Vega_Senpai",
	"textures": {
		"0": "item/blaze_spawn_egg"
	},
	"elements": [
		{
			"name": "upperBodyParts2",
			"from": [7, 2, 16],
			"to": [9, 10, 18],
			"shade": false,
			"rotation": {"angle": -22.5, "axis": "y", "origin": [21, -6, 3]},
			"faces": {
				"north": {"uv": [0.5, 9, 1, 13], "texture": "#0"},
				"east": {"uv": [0, 9, 0.5, 13], "texture": "#0"},
				"south": {"uv": [1.5, 9, 2, 13], "texture": "#0"},
				"west": {"uv": [1, 9, 1.5, 13], "texture": "#0"},
				"up": {"uv": [0.5, 9, 1, 8], "rotation": 270, "texture": "#0"},
				"down": {"uv": [1, 8, 1.5, 9], "rotation": 90, "texture": "#0"}
			}
		}
	],
	"display": {
		"thirdperson_righthand": {
			"rotation": [13, 50, 0],
			"translation": [0, 3, -1.5],
			"scale": [0.5, 0.5, 0.5]
		},
		"thirdperson_lefthand": {
			"rotation": [-5, 50, 0],
			"translation": [-3.25, 3.25, 0.25],
			"scale": [0.5, 0.5, 0.5]
		},
		"firstperson_righthand": {
			"rotation": [10, 77, -10],
			"translation": [-9.75, 5.5, 0.5],
			"scale": [0.5, 0.5, 0.5]
		},
		"firstperson_lefthand": {
			"rotation": [10, 115, -10],
			"translation": [-9.75, 5.5, 5.75],
			"scale": [0.5, 0.5, 0.5]
		},
		"ground": {
			"translation": [0, 1.5, 0],
			"scale": [0.3, 0.3, 0.3]
		},
		"gui": {
			"rotation": [144, 135, 0],
			"translation": [-7.5, -1.5, 0],
			"scale": [1.5, 1.5, 1.5]
		},
		"head": {
			"translation": [0, 12, 0],
			"scale": [0.5, 0.5, 0.5]
		},
		"fixed": {
			"rotation": [-90, 0, 0],
			"translation": [0, 0, -14]
		}
	},
	"groups": [
		{
			"name": "blaze_spawn_egg",
			"origin": [8, 8, 8],
			"color": 0,
			"children": [0]
		}
	]
}