{
	"credit": "Made with Blockbench",
	"textures": {
		"1": "item/tree/leaves",
		"2": "item/tree/wood",
		"particle": "item/tree/leaves"
	},
	"elements": [
		{
			"from": [7, 0, 9],
			"to": [8, 6, 10],
			"faces": {
				"north": {"uv": [0, 8, 16, 0], "rotation": 90, "texture": "#2"},
				"east": {"uv": [0, 8, 16, 0], "rotation": 90, "texture": "#2"},
				"south": {"uv": [0, 8, 16, 0], "rotation": 90, "texture": "#2"},
				"west": {"uv": [0, 8, 16, 0], "rotation": 90, "texture": "#2"},
				"up": {"uv": [0, 8, 2.66667, 16], "texture": "#2"},
				"down": {"uv": [0, 8, 2.66667, 16], "texture": "#2"}
			}
		},
		{
			"from": [5, 3, 7],
			"to": [10, 5, 12],
			"faces": {
				"north": {"uv": [0, 0, 16, 6.4], "texture": "#1"},
				"east": {"uv": [0, 0, 16, 6.46667], "texture": "#1"},
				"south": {"uv": [0, 0, 16, 6.46667], "rotation": 180, "texture": "#1"},
				"west": {"uv": [0, 0, 16, 6.46667], "texture": "#1"},
				"up": {"uv": [0, 0, 16, 16], "texture": "#1"},
				"down": {"uv": [0, 0, 16, 16], "texture": "#1"}
			}
		},
		{
			"from": [6, 5, 8],
			"to": [9, 7, 11],
			"faces": {
				"north": {"uv": [0, 0, 10.2, 8.4], "texture": "#1"},
				"east": {"uv": [0, 0, 10.2, 8.4], "texture": "#1"},
				"south": {"uv": [0, 0, 10.2, 8.4], "texture": "#1"},
				"west": {"uv": [0, 0, 10.2, 8.4], "texture": "#1"},
				"up": {"uv": [0, 0, 10.2, 8.4], "texture": "#1"},
				"down": {"uv": [0.6, 16, 1, 16], "texture": "#1"}
			}
		}
	],
	"display": {
		"thirdperson_righthand": {
			"translation": [0, 6.75, -0.5]
		},
		"thirdperson_lefthand": {
			"translation": [0, 8, -1]
		},
		"firstperson_righthand": {
			"translation": [0, 9, 0]
		},
		"firstperson_lefthand": {
			"translation": [-1.25, 9, 0]
		}
	},
	"groups": [
		0,
		1,
		2,
		{
			"name": "wood",
			"origin": [8, 8, 8],
			"color": 0,
			"children": []
		}
	]
}