{"armor_trims":{"sources":[{"type":"paletted_permutations","textures":["trims/models/armor/coast","trims/models/armor/coast_leggings","trims/models/armor/sentry","trims/models/armor/sentry_leggings","trims/models/armor/dune","trims/models/armor/dune_leggings","trims/models/armor/wild","trims/models/armor/wild_leggings","trims/models/armor/ward","trims/models/armor/ward_leggings","trims/models/armor/eye","trims/models/armor/eye_leggings","trims/models/armor/vex","trims/models/armor/vex_leggings","trims/models/armor/tide","trims/models/armor/tide_leggings","trims/models/armor/snout","trims/models/armor/snout_leggings","trims/models/armor/rib","trims/models/armor/rib_leggings","trims/models/armor/spire","trims/models/armor/spire_leggings","trims/models/armor/wayfinder","trims/models/armor/wayfinder_leggings","trims/models/armor/shaper","trims/models/armor/shaper_leggings","trims/models/armor/silence","trims/models/armor/silence_leggings","trims/models/armor/raiser","trims/models/armor/raiser_leggings","trims/models/armor/host","trims/models/armor/host_leggings"],"palette_key":"trims/color_palettes/trim_palette","permutations":{"quartz":"trims/color_palettes/quartz","iron":"trims/color_palettes/iron","gold":"trims/color_palettes/gold","diamond":"trims/color_palettes/diamond","netherite":"trims/color_palettes/netherite","redstone":"trims/color_palettes/redstone","copper":"trims/color_palettes/copper","emerald":"trims/color_palettes/emerald","lapis":"trims/color_palettes/lapis","amethyst":"trims/color_palettes/amethyst","iron_darker":"trims/color_palettes/iron_darker","gold_darker":"trims/color_palettes/gold_darker","diamond_darker":"trims/color_palettes/diamond_darker","netherite_darker":"trims/color_palettes/netherite_darker"}}]},"banner_patterns":{"sources":[{"type":"single","resource":"entity/banner_base"},{"type":"directory","source":"entity/banner","prefix":"entity/banner/"}]},"beds":{"sources":[{"type":"directory","source":"entity/bed","prefix":"entity/bed/"}]},"blocks":{"sources":[{"type":"directory","source":"block","prefix":"block/"},{"type":"directory","source":"item","prefix":"item/"},{"type":"directory","source":"entity/conduit","prefix":"entity/conduit/"},{"type":"single","resource":"entity/bell/bell_body"},{"type":"single","resource":"entity/decorated_pot/decorated_pot_side"},{"type":"single","resource":"entity/enchanting_table_book"},{"type":"paletted_permutations","textures":["trims/items/leggings_trim","trims/items/chestplate_trim","trims/items/helmet_trim","trims/items/boots_trim"],"palette_key":"trims/color_palettes/trim_palette","permutations":{"quartz":"trims/color_palettes/quartz","iron":"trims/color_palettes/iron","gold":"trims/color_palettes/gold","diamond":"trims/color_palettes/diamond","netherite":"trims/color_palettes/netherite","redstone":"trims/color_palettes/redstone","copper":"trims/color_palettes/copper","emerald":"trims/color_palettes/emerald","lapis":"trims/color_palettes/lapis","amethyst":"trims/color_palettes/amethyst","iron_darker":"trims/color_palettes/iron_darker","gold_darker":"trims/color_palettes/gold_darker","diamond_darker":"trims/color_palettes/diamond_darker","netherite_darker":"trims/color_palettes/netherite_darker"}}]},"chests":{"sources":[{"type":"directory","source":"entity/chest","prefix":"entity/chest/"}]},"decorated_pot":{"sources":[{"type":"directory","source":"entity/decorated_pot","prefix":"entity/decorated_pot/"}]},"mob_effects":{"sources":[{"type":"directory","source":"mob_effect","prefix":""}]},"paintings":{"sources":[{"type":"directory","source":"painting","prefix":""}]},"particles":{"sources":[{"type":"directory","source":"particle","prefix":""}]},"shield_patterns":{"sources":[{"type":"single","resource":"entity/shield_base"},{"type":"single","resource":"entity/shield_base_nopattern"},{"type":"directory","source":"entity/shield","prefix":"entity/shield/"}]},"shulker_boxes":{"sources":[{"type":"directory","source":"entity/shulker","prefix":"entity/shulker/"}]},"signs":{"sources":[{"type":"directory","source":"entity/signs","prefix":"entity/signs/"}]}}