{
	"credit": "Made with Blockbench",
	"parent": "minecraft:item/handheld",
	"display": {
		"thirdperson_righthand": {
			"rotation": [0, -40, 55],
			"translation": [0, 6.5, 0.5],
			"scale": [1.7, 1.7, 0.85]
		},
		"thirdperson_lefthand": {
			"rotation": [0, 140, -55],
			"translation": [0, 6.5, 0.5],
			"scale": [1.7, 1.7, 0.85]
		},
		"firstperson_righthand": {
			"rotation": [0, -40, 25],
			"translation": [1.13, 3.2, -2.87],
			"scale": [1.36, 1.36, 0.68 ]
		},
		"firstperson_lefthand": {
			"rotation": [0, 140, -25],
			"translation": [1.13, 3.2, -2.87],
			"scale": [1.36, 1.36, 0.68 ]
		},
		"gui": {
            "rotation": [ 0, 0, 0 ],
            "translation": [ 0, 1, 0 ],
            "scale": [ 2, 2, 1.0 ]
        }
	}
}