{
	"parent": "item/handheld",
	"textures": {
		"layer0": "item/diamond_sword"
	},
	
	"overrides": [
		{"predicate": {"custom_model_data":1}, "model": "item/diamondsword/infintyblade"},
		{"predicate": {"custom_model_data":2}, "model": "item/diamondsword/bigsword"},
		{"predicate": {"custom_model_data":3}, "model": "item/diamondsword/amazon"},
		{"predicate": {"custom_model_data":4}, "model": "item/diamondsword/amazonblock"},
		{"predicate": {"custom_model_data":5001}, "model": "item/diamondsword/amazoninspect1"},
		{"predicate": {"custom_model_data":5002}, "model": "item/diamondsword/amazoninspect2"},
		{"predicate": {"custom_model_data":5003}, "model": "item/diamondsword/amazoninspect3"}
	]
}